reaction_time:60ship_height:500,"[       nan 1.         1.         1.         1.         1.
 1.         1.         1.         1.         1.         1.
 1.         1.         0.99926471]"
reaction_time:60ship_height:1000,[1. 1. 1. 1. 1. 1. 1. 1. 1. 1. 1. 1. 1. 1. 1.]
reaction_time:60ship_height:1500,[1. 1. 1. 1. 1. 1. 1. 1. 1. 1. 1. 1. 1. 1. 1.]
reaction_time:60ship_height:2000,[1. 1. 1. 1. 1. 1. 1. 1. 1. 1. 1. 1. 1. 1. 1.]
reaction_time:60ship_height:3000,[1. 1. 1. 1. 1. 1. 1. 1. 1. 1. 1. 1. 1. 1. 1.]
reaction_time:300ship_height:500,"[1.         1.         1.         1.         1.         1.
 0.99458804 0.97702063 0.93561095 0.85340321 0.75191307 0.62211387
 0.49994999 0.39240121 0.274945  ]"
reaction_time:300ship_height:1000,"[1.         1.         1.         1.         1.         1.
 0.99909091 0.99406511 0.98703503 0.9546583  0.8786303  0.78063358
 0.63802173 0.51383393 0.38971835]"
reaction_time:300ship_height:1500,"[1.         1.         1.         1.         1.         1.
 1.         1.         0.99710382 0.9900844  0.95649207 0.89401526
 0.82579974 0.6927101  0.55094042]"
reaction_time:300ship_height:2000,"[1.         1.         1.         1.         1.         1.
 1.         1.         1.         0.99708705 0.99255993 0.97196086
 0.93510101 0.86128171 0.76942104]"
reaction_time:300ship_height:3000,"[1.         1.         1.         1.         1.         1.
 1.         1.         1.         1.         1.         0.99958333
 0.99741851 0.99044234 0.97294723]"
