reaction_time:60ship_height:500,"[       nan 0.         0.         0.         0.         0.
 0.         0.         0.         0.         0.         0.
 0.         0.         0.00320507]"
reaction_time:60ship_height:1000,[0. 0. 0. 0. 0. 0. 0. 0. 0. 0. 0. 0. 0. 0. 0.]
reaction_time:60ship_height:1500,[0. 0. 0. 0. 0. 0. 0. 0. 0. 0. 0. 0. 0. 0. 0.]
reaction_time:60ship_height:2000,[0. 0. 0. 0. 0. 0. 0. 0. 0. 0. 0. 0. 0. 0. 0.]
reaction_time:60ship_height:3000,[0. 0. 0. 0. 0. 0. 0. 0. 0. 0. 0. 0. 0. 0. 0.]
reaction_time:300ship_height:500,"[0.         0.         0.         0.         0.         0.
 0.00830983 0.0174885  0.0257602  0.03517635 0.04505293 0.04878832
 0.03615291 0.03849033 0.03134402]"
reaction_time:300ship_height:1000,"[0.         0.         0.         0.         0.         0.
 0.00396264 0.00821933 0.01180961 0.01928561 0.0275091  0.03818382
 0.04089196 0.04092778 0.02142607]"
reaction_time:300ship_height:1500,"[0.         0.         0.         0.         0.         0.
 0.         0.         0.00739478 0.01066222 0.02614692 0.02974219
 0.02709098 0.02590955 0.03196926]"
reaction_time:300ship_height:2000,"[0.         0.         0.         0.         0.         0.
 0.         0.         0.         0.00599756 0.00960193 0.01799793
 0.02532959 0.02461401 0.03415084]"
reaction_time:300ship_height:3000,"[0.         0.         0.         0.         0.         0.
 0.         0.         0.         0.         0.         0.00181621
 0.00433896 0.00682138 0.01383122]"
